{"textures":{"0":"modelengine:entity/bee_pinate_em"},"elements":[{"from":[6.916667,-5.0761204,6.583333],"to":[7.9166665,8.92388,6.583333],"faces":{"south":{"uv":[6.6875,5.25,6.75,6.125],"tintindex":0,"rotation":0,"texture":"#0"},"north":{"uv":[6.625,1.9375,6.6875,2.8125],"tintindex":0,"rotation":0,"texture":"#0"}}},{"from":[5.416667,-7.0761204,8.583333],"to":[6.416667,7.9238796,8.583333],"faces":{"south":{"uv":[6.375,6.5625,6.4375,7.5],"tintindex":0,"rotation":0,"texture":"#0"},"north":{"uv":[6.25,6.5625,6.3125,7.5],"tintindex":0,"rotation":0,"texture":"#0"}}},{"from":[8.416667,-7.0761204,8.583333],"to":[9.416667,7.9238796,8.583333],"faces":{"south":{"uv":[6.625,0.9375,6.6875,1.875],"tintindex":0,"rotation":0,"texture":"#0"},"north":{"uv":[6.5625,6.4375,6.625,7.375],"tintindex":0,"rotation":0,"texture":"#0"}}},{"from":[6.916667,-9.07612,10.583333],"to":[7.9166665,8.92388,10.583333],"faces":{"south":{"uv":[5.625,6.5625,5.6875,7.6875],"tintindex":0,"rotation":0,"texture":"#0"},"north":{"uv":[6.5625,5.25,6.625,6.375],"tintindex":0,"rotation":0,"texture":"#0"}}}],"display":{"gui":{"rotation":[30,225,0]}}}